# Host: localhost  (Version: 5.6.26-log)
# Date: 2016-06-26 01:38:53
# Generator: MySQL-Front 5.3  (Build 4.271)

/*!40101 SET NAMES utf8 */;

#
# Structure for table "bus"
#

DROP TABLE IF EXISTS `bus`;
CREATE TABLE `bus` (
  `BUSNRO` decimal(2,0) NOT NULL,
  `BUSPLA` varchar(6) DEFAULT NULL,
  `BUSCAP` decimal(2,0) DEFAULT NULL,
  PRIMARY KEY (`BUSNRO`)
) ENGINE=InnoDB DEFAULT CHARSET=utf8;

#
# Data for table "bus"
#

INSERT INTO `bus` VALUES (1,'WH2145',40),(2,'MN1975',60),(3,'PQ5478',50),(4,'RP7812',40),(5,'TP3547',40);

#
# Structure for table "chofer"
#

DROP TABLE IF EXISTS `chofer`;
CREATE TABLE `chofer` (
  `IDCOD` char(4) NOT NULL,
  `CHONOM` varchar(30) DEFAULT NULL,
  `CHOFIN` date DEFAULT NULL,
  `CHOCAT` varchar(1) DEFAULT NULL,
  `CHOSBA` decimal(8,0) DEFAULT NULL,
  PRIMARY KEY (`IDCOD`)
) ENGINE=InnoDB DEFAULT CHARSET=utf8;

#
# Data for table "chofer"
#

INSERT INTO `chofer` VALUES ('C001','PATRICIO HERRERA','1999-08-10','F',350),('C002','JORGE QUISPE','1997-12-05','C',200),('C003','EDWARD TEMPLE','1995-02-11','F',450),('C004','ELMER MORALES','1999-07-10','F',550),('C005','MARCOS CUEVA','1997-05-04','F',650),('C006','Luis Prieto','2003-05-04','F',350),('C007','Eloy Lazo','2000-05-04','F',350),('C008','Jaime Benavidez','2001-05-04','F',350);

#
# Structure for table "pasajeros"
#

DROP TABLE IF EXISTS `pasajeros`;
CREATE TABLE `pasajeros` (
  `BOLNRO` char(6) NOT NULL,
  `VIANRO` char(6) DEFAULT NULL,
  `Nom_pas` varchar(30) DEFAULT NULL,
  `Nro_asi` decimal(2,0) DEFAULT NULL,
  `tipo` char(1) DEFAULT NULL,
  `pago` decimal(8,1) DEFAULT NULL,
  PRIMARY KEY (`BOLNRO`)
) ENGINE=InnoDB DEFAULT CHARSET=utf8;

#
# Data for table "pasajeros"
#

INSERT INTO `pasajeros` VALUES ('000001','100001','CLAUDIA VASQUEZ',1,'E',40.0),('000002','100002','CARLOS PAREDES',2,'A',50.0),('000003','100001','JUAN SANCHEZ',3,'A',70.0),('000004','100001','ADELA MEZA',4,'N',70.0),('000005','100002','GLORIA DELGADO',12,'N',60.0),('000006','100001','VIRNA MEJIA',6,'E',70.0),('000007','100001','JOSE LINARES',7,'A',70.0),('000008','100002','JENIFER CRUZADO',8,'A',50.0),('000009','100002','RAMON CERCADO',9,'A',50.0),('000010','100001','TERESA EGUSQUIZA',10,'A',20.0),('000011','100001','CAROLINA RETAMOZO',11,'N',30.0),('000012','100002','SHANDY PAREDES',12,'A',40.0),('000013','100001','NURITH GUILLEN',13,'A',70.0),('000014','100002','DANIEL VERGARA',14,'N',50.0),('000015','100001','JOHANA LOPEZ',10,'A',70.0),('000016','100003','huachua Ernestina',11,'E',70.0),('000017','100004','Cardenas Juana',5,'A',70.0),('000018','100004','Leon Malpartida',2,'A',50.0),('000019','100004','  nzales carrillo',4,'N',70.0),('000020','100005','Mio Gamboa',7,'A',70.0),('000021','100005','Maldonado Huaman',11,'A',70.0),('000022','100005','Gaspar Acosta',14,'E',60.0),('000023','100006','Echegaray Felix',10,'E',60.0),('000024','100006','Cano Siu',8,'N',70.0),('000025','100006','Melgarejo percy',9,'N',70.0),('000026','100006','Grijalva Alan ',13,'A',70.0),('000027','100007','Marin LOPEZ',5,'A',70.0),('000028','100007','JOHANA LOPEZ',14,'A',70.0),('000029','100008','huachua Ernestina',11,'N',70.0),('000030','100008','Cardenas Juana',5,'E',70.0),('000031','100009','Leon Malpartida',2,'N',70.0),('000032','100009','  nzales carrillo',4,'E',70.0),('000033','100010','Mio Gamboa',7,'E',70.0),('000034','100011','Maldonado Huaman',11,'A',70.0),('000035','100012','Gaspar Acosta',14,'N',70.0),('000036','100013','Echegaray Felix',10,'A',70.0),('000037','100014','Cano Siu',8,'E',70.0),('000038','100015','Melgarejo percy',9,'N',70.0),('000039','100016','Grijalva Alan ',13,'A',70.0),('000040','100017','Marin LOPEZ',5,'N',70.0),('000041','100018','JOHANA LOPEZ',14,'E',70.0),('000042','100019','Cama Roxama',2,'N',70.0),('000043','100019','Lopez Donayre, juan',4,'E',70.0),('000044','100019','Lopez Vera, Ana',7,'E',70.0),('000045','100020','Maldonado Huaman',11,'A',70.0),('000046','100020','Diaz Gaspar Alicia',14,'N',70.0),('000047','100020','Pezo Zuta Eliana',10,'A',70.0),('000048','100021','Carrasco Cano Maribel',8,'E',70.0),('000049','100021','Quispe Rojas, percy',9,'N',70.0),('000050','100021','Grijalva Alan ',13,'A',70.0),('000051','100022','Marin LOPEZ',5,'N',70.0),('000052','100022','JOHANA LOPEZ',14,'E',70.0);

#
# Structure for table "productos"
#

DROP TABLE IF EXISTS `productos`;
CREATE TABLE `productos` (
  `cod_pro` varchar(100) NOT NULL,
  `des_pro` varchar(100) NOT NULL,
  `pre_pro` varchar(100) NOT NULL,
  `nomimagen` varchar(100) NOT NULL,
  `imagen` blob NOT NULL,
  PRIMARY KEY (`cod_pro`),
  UNIQUE KEY `des_pro` (`des_pro`)
) ENGINE=InnoDB DEFAULT CHARSET=latin1;

#
# Data for table "productos"
#

INSERT INTO `productos` VALUES ('CP0001',' downy 1l','5.00','D:\\productos\\downy.jpg',X'FFD8FFE000104A46494600010100000100010000FFDB00840009060614101115141212141214151517151414101415141517141614151414141514171C261F1719231916141F2F202427292C2C2C151F3135302A35262B2C2901090A0A0E0C0E1A0F0F1A2C251F24292C2C2C2C2F2C292C2C2C2929342C2C2C2C2C2C2D2C352A2C2C2C2C2C2C2C2C292C2C34292D292C292C292C2C2C2C2C2C2CFFC0001108012D00A703012200021101031101FFC4001C0001000203010101000000000000000000000506030407010208FFC400441000010302030407040705080203000000010002030411051221063141511322617181A1B13291C1D1144252627292F0072382B2C22434434453A2E1F154D2153363FFC4001A010100030101010000000000000000000000030405020106FFC40032110002020103020403070403000000000000010203110421311251324171F005138114226191B1D1E13392A1C1061542FFDA000C03010002110311003F00EE2888802222008888022220088880222200888802222008888022220088880222200888802D4C56A0C7139CDD08B5B8EF701F15B6A3B684FF00677FF0FF003B5092A599C53EE88EA7C565DE5D7EF03E0B3CBB50D8DB77B1D7FB9623BF5DCA3298E8B4715768BC353ECF5CE5868D9C536BDEE6FEE8860E7A177BCE8AA7363D3976B3CBF9DC3D0AC1512917B68B51B72775FBBE4BC346BD3D70584917BD9DC7A503AEF320E4F373E077ABA8375CDB033D52BA3C5EC8EE1E8BD463EBE118C9348FB4445E99C1111004444011110044440111100444401446D4C9680F6B9A3CEFF052C4DB7AA563F8CC9544C5008FA3041E91F9DC491C43465B0F12BA8C252E0EEBB615CE329BC2C99694E8A3F16768B5C6015077D481D8C8C7F55D47E23B3F2305CCEF7773621FD0BB54C9EC5FFF00B1D3C5F56FF911758FD56BC0FD5639A0737FC693DD17FE8BE61CF7D2537FBCC61F40174F4B6132F8D699F7FC8B961125DBE0BA345EC8EE1E8B96E12EA922D78241F79A58EFCC2FE8BA1E0F8A19465923E89ED03AB9DAF0E1F698E1A91DE06F51384A3C95355A8AEEC383F7F5249111725208888022220088880222200888802222021F6AEABA3A67DB4CD665FB0EFF002BAA661F8CC118D6565F880ECC7DCDB9535B57880A83D035AD7B5AE05CE70B8CC2E34EEB9D56A51E0CD68D75F457EA4A35FDEF332EE7D76E63BE363D1B4D0F073CF74331F3C8A2714C643DA435B21EF89E3D429C99AD60D0055EC52A095DC12CEC26DA5B95AA8738FD577B9628DCE1F55DF94FC96DCCE589A55A2044C61189E5B5CE5FC5D5F55708ABEED6C8353190F041E1F5C5C736DC2A2D25490AC346C8E51AB407736E87B8DB78556C8F996AB9791D2C2281A3DA502CD9865E01EDB961EF1BDAA718F0E0082083B88D41F159EE2D725F524F83E9111727411110044440111100444401466D0E25D04248F6DDD56779DE7C07C149AAA6D9021F1B8EACB103B1D7B9F78B7B94B5454A69320D449C6B6D11B8653585CA9173AC16A52D6B0E97B77AC9552582B72CB7B94ABC28EC47D6D46A540D7396F54CDA951954E53C1608A6F2474AB1859250B1A98E119A37296C36720A866A9FC3E0B347351CF8258724BD3E24CB80E36EFDCA6E8A5316B19D0EA5A7D83F23DA3CD546A215F3458D3A23626ECE5C4768EC55A55E56C59566393A7D1D6B641A6846F69DE3E63B56C2A451E2E2E1CD3DC42B661F5E256F6F11F10A9CE0E25A84D48DB444519204444011110044440147E3B43D340E6DB503337F10D47BF51E2A4117A9E1E51CCA2A49A67337D2E970B01A97B7426E3B558AA690325919C03AE3F0BB51EB6F05195B46B4D4D331DD6E3C10933AFAAD59755232D3D96BC94F7DCA5473B91923561216E4B1596BB9AA44787B4ECBB80ED56381AA0B0E67EF078FA2B05AC2EA1B3927AF823716AD2D360A1AA24731D72ACBB2F860AAAC01E333180BDC0EE36B000F891EE5D1ABF038678CC6F8DA5B6D2C002DED691B8A8E7746A6A3825854EC4DE4E41475A46ADDDC472ED0AD380E3B95C3555EDA1D9B92825E2E8DC7A8FB687EEBB93961A796D670DDC7B14928C6C8E511C65283C33B3535407B4382CAAA3B2B8CEE693A156E59738F4BC1A509752C84445C1D8444401111004444057B6823CB331DF69A5A7BDA6E3D4A89A953DB4ECFDDB1DF65E3CEE140D52B953CC5146D589334656AD29625BCF0B5642ACA2BB46A49107687DEA36A298B4EAA4652B119411676E52A646D1A787E92B7DCA7EAC598540CB1E47070D40370558EA8668AE388BAE2CE5325AF868DBFD9B45D799DF7583DE5DF257C545FD9D4967CADE6D07F2B88FEA57A59FA8FEA32FD1E046AE258732A23747237335C3C41E041E042E4B88E14EA39DD13F56F03C1CC3B9C3F5BC15D9140ED86042A60240FDE477733991F59BE3EA02EB4F6F43C3E19CDF575ACAE5143C2AA4C6FB5F77A702BA6E1357D246398D3E4B92C4ED01E2D363DC772BCEC9D7EA01E3A7C94FA986564834F3DF05B91116797C222200888802222022F695BFD9DDD963EE2AB552EF4567DA2FEED2777C42AA541EA8EE0AE51E1FA94AFF1FD0C6DC56388D9C4DEC0D80BDEE4816F77985BB1182A5C59621F6249032916E6771E1CFDA1CD44B2825793D68C837B666B4DB5D2E0B4E6B0B8E1C0F0D64E1A09C105AE8DBADC86B45F293EC6611EE0D6C76E7AF20BD93699A30D3E9DC12EA59C77F3FED34717D9E92205CDEBB3890351F8872EDF455F7AE8740CA80E1D23D8E6EA4866FB5A4396C5A38B982F7DD1769515B41B301ED32C0DB1DEE8C0DFC6ED1C0F67E8F75DDBE2467EA34BD1BC5E7D0A767E0750A6306A80E8DD113A8D5BDADE5E0A11C90CE58E0E6EF0AD4A3D48A51974BC93FB3157D055B6FA0712D3FC5BBCECBA62E4D5567812B3C4727725D1367314FA442D3F59BA3BBF9AA1A88F122FE9E5FF009255111542D1CC768F0CE82A9CD02CC9356FF17C9CBDD9FA8208E60DBC42B07ED0697F771C837B5D6F03A8F43EF557A275A577690E1E3AAD383EBACCC9AE8B0EA50C999A0F300AFB5A1824D9A11D848F3BFA15BEB35AC3C1A49E5642222F0F4222200888808ADA77DA99DDB61E6AAB52746F70561DB096D135BF69FE83FE5567129B2DBF5B82BD42FBABD4CFD44BEF3F435EA6A8676B454181CD049EA92D39FA8CBEB6DFBAEB720C445EEEAFB00E69B7441B76DDAE006972D234B8E656BB71169691A35C468E7B33B41E048E36D54A5245249AB1F4AED3FD226DA0B03D6B800A965B2DFDFF00823ADE787EFF00336BE91CEAC0BD9ED1D1870C86EF16D2E7AB975E1E2B7B0AA8049026E92F72016E52003777F3B0765B772F914925C90616EBA5E33EC8BB5A09BF06DB72DC8DA1ADBD9998037C8037B74BEE1A05524D63DFEC5D8A79F7FB954DB1D9FB7EFA31607DB03813F5BB8FAF7AA6B82EA1518D42E3D139CDBB86AD75EC5AED0F5869F6B5FBBE2A898EE146291CDDF6D41FB4C3EC9EFB7A156F4F6752E97E455D5E9E54B526B099A34359D1BB5D5AED1C3B3E6ACDB375FF00469C0BDE37F1E163B8AA7A91C36A6FFBB27B584F0772EE2A5B20A4886B9F4B3B0A288D99C4BA58403ED33AA79F67CBC14BAC892E97866B27959442ED8439A924ECB1F3B7C573FA6775D879B07969F05D1B6A0FF6497F0FC42E6B4DBE3FC07F98ABFA6F03F528EA7C68E8BB2F25E370E4EF568F9299503B267A8FEF1E8A7953B3C4CB75F850444519204444011110155DAA9734D1B390B9F13F20AB58B4977F77C7FE94AD5547495123F80B81DC3AA15771105EF394DB523D003E47DEB5698E30BF031B512CE5F77FA1E2FB8A52D37692D237169B1F7AD27C6795FF0084BB9D85EFAF05B305CEFE7C4595968A68B560FB4D9ECC98E53F5641BBB9C370EFF4DEA6EB18D06C0B849202D6B834B80ED23D9E237AA24348F941C91B9D97DACADBDBDC14EC9B4DD0421AF0465CA0EB9AE00B78F059BA88462F28DFF862B6F7D29671EFEA6383660C32BF302F126E76BA731E1AD8772CFB51859C826BDC8201FC07779DBDEA529F15B819DA4716E7D2FC78EFB02B24CF6CD0C8C163D423437D72E97E46F655EA6A32522FFC42575B16A7DB1EFF0024731AB82DA8DDC56B02A588B8EF5193C594DB870EE5B27CB4259D8B76CAE31678713BECD93C773BF5C476AE84B8A61F57D1BC1E07470EC5D5B67B1112C405EEE6581ED16EABBB88F459DA9AF0FA91ABA6B32BA59ADB6F51928E4FBD66F9DFE0B9FD20EB30728C799BFC5597F69B5DD58A107573AE47937D4A82A48EF23C8DC0860EE68B7C14B42C57EA457EF67A17AD9365A271E6FF0046B7E6A71466CEC59606F6927CEC3C80526A8D8F3265DAD62282222E0EC222200B5713A8E8E17BB934DBBF70F3B2DA509B5D3E5832FDB781E02EE3E81770599247164BA62D95485D96371FD683E6A2548D4BAD10EDF89BA8E5AF0F366158F8469D4D139EEB87902C05AD7EFB0FD78AB8ECF602DC81D20B9E1737D39F7A85A4A173B5B1D3B3D54A32B9EC16CFE0BA9C652584C8E16C20F32465A9DA5113C3035B1348766703A0201D4D86B71C7B157B1893330B997B6F683717F03A83F25B58B619D30B499997008EA91A730B7A90C6C8DB1E4B31A0016E43BD667D9AD6D9F650F8C6834F184A0F77CAEDEA46ECA4124F1C93BF38319CB0B5CECCD2C70D72B3EAEA2D73DAB5E5A9A813440308E90F1DF903B2B89D7702776F568A5C61B10219182D3C0FAAD4A8A8E94902300B9A5BD5B9363BC3795F5DC9F62B23B47FC912FF0090E99394B1CF0B19FA7635B12C25AC176137E47E0A16A20CC2DC782B19A77E9D575FEF5C9361CC9B9F8AD5A9C35D6B9696DB89D3B2D63BD6A456DC9F1CED7D59C611522A5A86B9FD19E8DC5B230685A48258778F03AF895AB8952969BFBFE6B052D498DC1C38798E21732592EC27E68C53CF23E60E75CBAF719B53756BA2A42C601BDDFD4564A58E0903640CEB0DC3803F152185D9F531B4F3CDE2D05DF055E73DB8E0B518EF96F92E34B0E4635BF65A07B859654459868844440111100555DB69758DBD8E77A01F156A54CDB27DE6039463CDCEFF00853D0B33457D4BC56C87A884BCC71B77B8803BF41F15395D5F4D853199E391EE3F5D91976BAE9D23ACD6EE3D5BDF4DC9805382F2F201CA00693C09DE4782C5FB4239A89C39491FA9569BEA9283E0AB54124E5E7E42B36829E56B5D345353092C639A48C647070B8BBE37386A39A986CB4D4E2DD5EB373E6B17E66007AC080473DDBD6861340D9B0E8E37EA1F4E1BDC6DD53DE0D88EE55BD95C6A28A8A67CEC120A7B6404026D3023A2693C0B81EECC5738EA4D2CECF824E98A97534B3DCBC498D439831D7D5C23B163AC5C43481BADB9ECFCC156F128184F4909CD192E06C080D703623BAFBBE565A3256548A26D6965365BB64FA3742748CB991B5C26CD9B3D8466F6DC069A5965C5717606523A163043506EE665B1FF000D9A16DACE6DC8FE10A4A57CB96DE8FE843A982BE18F3E518C05BEC68FF4DAD3BF5320D3B34DDAAD2A8ADE86AA1832B5CD90104D8E60ECF234381BFDD1A77AC74B883857CF15CE57C0260D76A1B264612E03B6EEB8E3A2B329E7833AAD2E397CFE04A8A704DECD1BF7B9E77F785F52318340584F697BBC88FD5D41E0F8CD455534920E8E33131CE738B0B83CB5B9C35ADCD6675779D75736C06ABEAAB68E4830F65542D8DB299846F0E697348B3EE1B73768395A77F35C65E71F427FB3ED9DBF233D4E0EF91BFF00D6EB1DC6C554EA699D1BCB1C2CE69B107CBC95EB6BB69E6A7A58A58728748E6DC3C6601AE88BEDBC71B6AB476EB0CD1B381AE8D7F8FB27D47885CC6D72C6572491D3AA93C3C915B3B57625878EA14DF4FD14D1C9F65E2FDDB8F95D53E926C8F0791569AB399975CCE3BFA93425B1D1D16A6153E7863773636FDF6B1F35B6B2DAC3C1A69E770888BC3D0888802A2ED4BAF52FEC0C1FED07E2AF4A87B4DFDE64FE0FE46AB1A6F195757FD325F675978DDF8CFF002B5697ED10E5A079FF00F48FF996FECDD46588FE33FCAD5BD88D34553198E6607B0D8969246A0DC1B8208D57AEC51B37F26750A9BAF6EC561B8E36930886573BACE803626717CA410D007100904F6050916C7CCCC19E5ED2257BD933A3B75846CD0023ED005CF2386EDE15DF0DD99A4A77074703039BECB9C5D239A3EE17925BE165273E22D66F3AF21BD74F52A3E1EF9FE0F63A694B9ED8FE4A6D7D6C67058EC45DF1450803525ED2C0E681C48CA542ED251BA961C35B275435CECE4EE697491C85A7B866FCA56FE33B71494F238C7042246FB4E0D607B49E2E70F64F65F3762AF4FF00B53824BB64A612B0EA750776BEC48DCA4F2F55CC754A2F65B65BFF00458968A58C49A4FDF24B6D0E2119C629C0782C6B9AC2FB8CB9CB9CF2DCDBB4E923BF2CCB6F07A2E9AB6B6A1BAC50C3F4763C7B2E91B1B33E53C402C3F982CFB3D8CD255C2D688E19A9C1D18E8983A271E063B7549ECD0F3576A7858D606B1AC6C76B35AC680CCA78068D2DD8BAFB5271C2ED8209E8A509665BAE7628BB2711FF00E26A081ADA7F1FDC3143CE3A4C11A46B6AB37B70D1E05FDEDF785D4628191372B18C6377E5634345F9D8051D2C51C3196C34CC7B5E6EF8E311303AE35716BACD76E017AB52BAB8F3C9E3A1E3E853F6EABA334D4B1B5C1C72B5E729BD874418D07913D6FCAAF38AD109A17C67EB30B477DB43EFB2A854E08FAA9A32608E929E125E23BC65F2C9A1EB363D00EAB41BF0BDAF7D2D6CAA75866B175BAC5B70337122FC2EB8B6D5151517BAC9D575393795B1C92CACF452668477283C5A3CB3CA3948FF00E6254BE0DAC63C55E93CC5333E2B0DA2F9B2B25E999D85C3FDC4FC54BA83D91D2170E4F3E61AA7165D9E266957E1411117076111100544DA81FDA5FDA187FDA07C15ED5336C23B4E0FDA8C7BC39C3E2158D3BFBE56D4ACC0F70393AAEFC5EA07C94A8947FD2ACE1D29B9038FC3FED67ACAD30D89DE7403B4DFE4A1D42C58CD3D055F3698E1EE48E298C3601A9BBB801ED7BB877AE7FB49B4D33DAE6B4F44D3C1A7AEEFC4EDFE014ACB519CB9C7524F155EC529AF72EDCAA499F4BA4D2D70F12CB2918444F95D918D0F7B9C6D9FD96FDE3CCAB0C9FB369591B9E640E75BD968F1DEA3B66A85FF0049736276522EE2E23365B3B4FAC06BF05D2AB69659638DB1CA58EE37170EF0045F8F1504EC69E1332FE52DDB5E6727C231B930DA80F6DCB7D99633A6661DE3BF883CD7E80D9EC69B346D2C76663C5D87D5A4703BF4E6B946DF60AC85D13DC4071D08209CCE1A8B6FD77EF2A53642A5D4B94389C8EB5FEEBB83C7C7FE14D0B32775E95CE325DB83ABD7C960BE1944C206AE3DFF0025864A9E923BF1B106DCECB703B41DC14BCB33DA71583E0508E050D0F69473D78EAE0C04923AA3311D82E6FE457B8446DB4731C6FF00BCCD6FF51E3DCE23E0A63046F507EB8AAF49217B8B8EF712E3DE4DCFAAB3E1ACB003B16D4B68A460C5E64D970D9A6D9AFEF1E8A6545ECFB7A8E3DBF00A51664FC4CD1878504445C1D84444015736C69AED8DFC8969FE200FF4AB1AD1C6A9BA481E38819877B75F9AEEB7892671647AA2D140825CAE07DF6E5C56E4CF121769CB283CB2DBCC123C4A8F9458ACD0CF716E2371ECE4A7D55795D68EFE13A8509BAA5E7C7AFF00269D45180DCD1DC0DF96F71E0ABD5F3F48E0C06DD571BF2394E53EFB1F0565ADFDD44F20EE25C3C4DCF9AABCD4ED12BAE4F5887B46E0048C048BF2D7C164CF647D9D4FA96E6B61501A76DEC5A1EC26423787B2E1C413BEF6BEBCD585D5768838CA037425ED7025C46E0D67D524EFE5AA82A4C5448F319B3833ABA6A083BEE06839596BD3ECB163B34D2B5EC1B9AD0413F889DC3F5750359DCE2556C944D9C6237573DAE3ECB410C1BC97388B3BC87BC2978202E8DB66926DA802FEF5A30E20DB911D816374D06503D91E000F25BB804DD57C6E209075BE53C6FC776FEF53549670DEC79637456E51597D8B3ECFD5B8C65AE0EBB4653707516EA9F82B5701DC15124A8631BD6731A003ABBA33DA001DFEA7829CC36AF46E5366581160C22D604F006E4FBBB55BE9825B491F3D6DD3B25D4EB697BFC096FA5B09CA1EDBEEB5F5BF72AEED15618E17E6D1F33B281A5C44DD3873FEB594402391D33A4D012E2328D2FDBBCAAC62B881A890BCE837347268DC3BF8F8AB1A6AFAA59F22A6B66AB8E172CC34516670ECD559A8C286A28B28ED2A6E877ABD3664C1174C15968876927E1F05BEB0514796368EC1E7AACEB324F2CD25C04445E1E84444017842F5101CE319A4E8A573791D3BB78F25A01CAD9B6745AB64037F54F78D4795FDCAA0E5A754BAA2655B1E89EC62AFA59270D8E3B75880E248166DEE4DB8F705A788ECFC93BA516922BF522EADC8646C0DCC5BC09B5ECA4439495163A59A48D1236F7BFD7079DF89F3ED54AED1FDECC78EC6D55F18B1D6AB93C35E7FB9CEE8F6466A57759A5D6360E8AE6E37EA06BBBC149D45538E5EABB4FBA6FC74038AE86DA9A79CB4890308DED78B122C45AE481B8DB8EE1C9658285C4B740E19AEE21D7B7B23B330DE6DD879AA12A1A7BBC7AA34AAF8ACE31C28A7E871A607B651D1B0DAFAE85CE373EC968F642B35060664690E3D182413D1DB3580D05F737C5741870322F768713F59C013ECF1BBB70200E3C0EBC324AC6460191D1C632D88CC01E36B5AC779277F06AE9511CF27B67C4DC9781AFAFF000404586C4D8C3445768B039813BF8B9EED4EEF5D400A74451C71E7739A19941CDF56DC2DDFC145D6ED343193D134CAED3575DACEA9BB4D8EF20F1B78EA557310C525A875E475F93468D1DC3E3BD5B8E8FE6636C2F7E464DBF11977CFE1DBEA67C6F18E9DD668CB183A0E2E3CCFC969D3C3C4A322B6F599A568C631847A63C193294A72EA91B1129BC1E3CCF6B7990141C455B763E9733CBF834799D3D2EA3B1E22D9256B32C16E0888B38D008888022220088880D7AFA312C6E63B711BF91E05735C4690C4F2D36B8E5BADCD74AAC96C154717C39939EB375E0E692D70EE214D55AE0436D2AC2AF997A1CB725D9A78F6263DD2343BCC58AD39304A81BBA3778B9BF02ADAD441951E9A68F1C015F16237123BB4F458A4A1AB1FE0B4F749F36AD67B2AC7F9527BA46AEBE757DCF3E459D8DD7BDE77BDC7BDC561E896939D57FF0088EFCED58CBAB3FF0011DF9DA9F3AB5E63E459D891E8C2F54764AD3FE54F8C83E4B23286B4FF009703BE41F24F9F5F7FD4F7E4CFB7E86EE65E87AC0CC0AB5DF5626F7B89F40B6A1D93A977B5331BF81973EF71F82E5DF03A544CD8A46173801A93B974BC0F0F10C41B7BB8EAE239F21D8152307D9AE85D98BDEF77371F41B82BC61B2696552DB7AF65C166BABA3737D111424C11110044440111101A35A2EA35F4AA69F1DD633020218D22F934AA68D3AF934E808634ABE7E8AA64D32F9FA32021FE8BD8BD14DD8A5BE8A9F454044FD1FB17BF47EC52BF455E8A540458817A20529F465EFD19011AD816F520B2CC299646436406C34AF578D5EA008888022220088880597965EA203CCABCCABE9101F39579957DA203E322645F6880F8C89917DA203E72A655F4880F9CABDB2F510044440111101FFFD9'),('CP0002','Papalays','2.00','D:\\productos\\papalays.jpg',X'FFD8FFE000104A46494600010100000100010000FFDB00840009060714101212141214100F111410141014141517151015140F1511171714121415181E2820181A251B151421312225292B2E3A2E171F3438332C37282D2E2C010A0A0A0E0D0E1B10101B372420242C2C2C2D2C2D2C2C2C2C2E2C2C2F2C2C2C2C2C2C2C2D2C2C2C2C2C2C2C2C2C2C2C2C2C2C2C2C2C2C2C2C2C2C2C2C2C2C2C2CFFC000110800BC00AB03011100021101031101FFC4001B00010002030101000000000000000000000004050102030607FFC4003F100001030204030408040501090000000001000203041105122131415191146171A1061315225281D1E1325362F0233392B1C172074243637382B2D2E2FFC4001A010100020301000000000000000000000000030401020506FFC40032110002010204040406020203010000000000010203110412213105134151225261911415327181A1B1F023D13442E133FFDA000C03010002110311003F00FB8A0080200802008020080200802008020080200802008020080200802008020080C5D00BA017402E805D00BA017402E805D00BA017402E805D01940100401004010040101C65A86B7426C7E6A1A95E9D37693B1B28B7B1C8D6379F915A7C650F321925D8D0D6B79FF74F8CA1E74324BB18EDADF882D962A8BFFBAF71925D8CF6D6FC4DEAB3F114BCCBDD0CAFB0EDADF89BD42CF3E97997BA195F61DB1BF137A84E7D3F32F74632BEC67B637E26F509CEA7E65EE8657D8C76C6FC4DEA163E2297997BA3395F61DB1BF1058F89A3E75EE324BB18EDADE7FDD6BF1943CE8CE49761DB5BCFC8AC7C6D0F30E5CBB19158DE7E45656328B765231925D8EED9559353A35C80D82032802008020080C1280A8C51977036074FDF05E7F8C3CB522DABDD16686A88193B8751FF00AAE17C447CA58CAC58F2F31F44F89876632333AF7FF52CFC4C7B31959919BF575FBADE3593EFFDFC98CA74642E3C1DD7EEADD3A6E7B5FF00BF9346EC74ECAFE47AFF00F4ACFC1CBB7F7DCD73A347C0E1C1DD7EEA1A94650DD3FEFE4D93B9CC877EAEBF754A55547BFF007F26F635D7BFAAD3E263D999CACC653CBCC7D163E223E5632B3954CAC8C6690B18DBDAEE7002FF0030A4A4E559DA9C1B30ECB766EF6DAC6CDE0771F45B519DEAC63975BA3125A37727435375ED8A04F864BA02534A03640100401004068F4056E212E5B1EF5C5E332CB083F527A0AED91A437171B15E73117FAD6CCB51EC683E4AAC576373B46D3C82E851A751EC88E4D125B0D85DDA792EAD2C2E559AA2FC10B9DF440B89DB6EE49CEABD12B2F43164B738CB09214152356C6F19221B9F2C7F87DE1C8EA1430AF88A6FBAECC9D2A73DCEAEC49B669731EDB9B12007069E17E365D082A75E37B5990CE0E0F7B9DDF1E971620EC551C4E1274F5D0464990712AB7471B9CD1722DB02ED09009B0DEC3555F0BFE5AB92459A34E339A4CF33555F2CAD69B66F75C3DF85E1A039BC6C577F0CA1876D47A96AA60694F695ADEA9DFF001A12B0BA897D4384B62586CD2016DD9A58D8F792156D1E3A1DFA94B194A9D356A6FA75EE4EA2A8BAEF9CC2FA91E80B18CA03A840100401004068F4054E2ADBB4AE3F1A85E827D993D07E22061557C0AF3F46AE4D1EC5892B929E05F455EA422EA784DD376D4F33E9F7A44FA36451C272CD30738BF72C89BA68399277EE5E87074553A79BAB2FF0CC2431151CAA6B15D3BB334544C6E14EAA9C3A59FD4BE5CEE738BAE6F938F0D1752315CBCCF735C5E226B1BC9A3A46E9592563CB6158357CB13650FF0056C360D323C465EE3B64077BF050461524AE8EE6231B81A33E5CF57D6CAF6FB9326389D24B046E9487CEECB1B0B83C122DF8AE341AAD674A7749F5218CB8662233928FD2AEF4B7B16ADC5F116543695F1D3CB3B99EB07BC5A0335DC8DB655AA60652965CCD3293C370E9D275E126A29DBF2778AAEA5E2A586167688DC1A6EF229D8C2D0E26490EE6C76094386E46DB936FEFA152B2A0B238CAF07BE9E2FC22260755554B5AC8EADF13E3AC6648FD5BC3DA248C5D96036B8245D59A942F0707D4CE23E1AA52BD0BDE1BDFB33D8B9B62BCA55A76A8534F422D6CD6514FC53B995B1595C6D13CF32D1E6BADC1E37C4221ADF49C30D76CBD7148F4F425016B1203B040100401004068F40575736E0AE7F138E6C3489293F1A3CB58B1DA735E3F745E2EE9DD7B2D682F1997B1F2FF00F69EF2FC4446DD488226347EA793FE485EB52F0457A1DBE0CD469393EEDFB1F43F4A699A20A2A33A3669E1848FF9718CEF1F3CB6F9ABD3568A89C2C3CE52AF3AEB749CBFD153E94C0EABC568E940B43031B3B80D87BD7CDD1A07CD695166A8A25BC038D2C355C44B7FA57DD93DEC3538D03BB29298026DA0924B9B78EDD16CFC557EC414A4A96026FACDA5F85AB34F465867C4EBEA4FE08AD4CD3C2EDFC43F7CD621AD472EC6F5DAA580A74FAC9B97E36454FA3DE9153559ABA4AAB06D454BDCC75EC1D9886B5A4F02328B2D2156326E32EA5BC470EAD46952C4D2DE295FD3ADFF007A9E2BD21C24E175F1B5AE0E31CB14CC75AC7217E99BBF42A394724EC742962238CC34A56B3D53F63ED555B9B2F37C4165A8EC79BA7B157506E57351215F8C3ED081F148074175E8381C3FC8E5E857C43D0E7860D97A62A1EA284202D6340754010040100406AF4041AA54B883B61E4494FEA4798A9FC642F18D58BC5861EED16296930F63C67A4F42D763946E90B591BA28E425C4347F08BB89EF017AFA3692832E61EB3860EA25BEABDCF45E965176E9A9E4A7ACA58BB3DDCD05C1C7D6923DED0ED616566AACED34CADC3F110C329F360DA92B1DAB2931195D1B995142CC8413903BF896E0F3F0EFA2CB551ECD1AD3960A37CEA4D74DB42AAB712C41B5D1C713A9A57E42F9238816C4D074CD3BCEB7B0D16929D453B227C3D1C0CE94DD49356D9BB5FF0008BEACC44C58754CE5F14A4B2420C6DF571E73EED9BC5DADFDEE2A572B41B2853A7CCAF182EE96A7CDE9FD332C8E263A9A8A43080237B9A41691B1B054D56D363D6CF833CD270AB249EE8A87B6A3109F8CD34B2B4E6B5AD63B03C1A0705AE77296A274A86068E5BDBF97F83ED9502C00DEC00F98165C0E24F34DB4796A655C9ADD7311214F8CC9FCA6FF00A9C7AD87F95EAB8243C129152BBD5225618DD9770AE7A7A3080B38D01D1004010040101AB9010AA954C74335092F437A6ED24796AA3691CBC5C8BC89740FE0A3BD9DCD8ACF4DFD1915E29DFADE1790E005F344FB5FA103A95E9309573D1B2DD7F06F43132C3B965EA48C3292189AE8E2006436737407B89B6EB9F8B95552DF40EACAA3BCDDD93051D3BF78A127BDAD255585671EA6928C8E92430B609626810364696931B4697DCD85AFA2E960B1905995476BADC8A509B69AD6C54E378AB646C5040D73208CB5C5C465CC5BF818D6F2BEA4F72B18AC7415254E93BFA93E1B0D2CD9E6670AA37CAEDDA06E4E46E839DECA851AB5AB4B2C5FDDF62CD6AB1A6BFF0059E91EF0DFC205ED96F61723BCADF158ECBE186C73942EEECE39EF75CC855CEECC91AB15B502C569386566532A31886CE8DDC0B48FE93F75EA782CBFC2E3EA54AEBC44EC306CBB0407A6A3080B1620374010040100406AE4044A90B59ACD16BD0CADCF25898FE215E11E87409B470DB52AACE46E913A296CAC50C4CA9BBA35946E6AEA589CFF005858049F136ED247236DD75638F85456A91B91646B662A30C6BF56BADE45692C1D2A9AD397E19246BCA3A3440930590F124788517CBEAF62758A81D29F0100DDEE03CCADD60ADAD4924BD3566B2C537F4A2C7335832B058799F15AD6C54211C94D597F3F72051727791C1C5722737264A9185AA763271AA65C5D5A553346CCD2D62A31C3A403B9C7CC2F4DC157F8E4CA95F724E19C176880F494880B06203740100401004060A022D4040503E9FDF2E2BC06253551C1773A50D51D5D3C6D362EB902E402340A58E123157A8EEFB2375193D8CB25049D069DFE4B78D0A4DFD3FB0E36386293598DC8EF565F3471976F95AE75891DFF0055243094E5AC5D9F6E861269EBA90AB6A1D4D2347AD2E6DC38B1E6E40C925AEFF849034B5F451E4AB15E28DBD56DD0CC5292348F1795B9DA5A1CF6BB339C43AD94B738F7770385FE7659E6DECEFA333CB89BC18B3E4739AC0C39419097BB42CB801AD2069C752A2A9276BC9FA0C896E737E30FBE8C6BC383CB2C48D58E0373A3AF9B61CADAA8B949EEFB5CCE54585054191B736CC1C586D71A8EE3A8E1A282A472BD0C356242D0C044C1418FFF0035839443CDC7E8BDA706FF008F7F52857FA89B86705D6213D252202C1880D900401004010182808D508DDB50794F49E72D8C65DCBB5F00BC8C60AB55735FDB9D5C3AB6E797C0497173DC492E9434DF901701495959A89667A17D4F3FBBFEA7BAFE038281AD0D3A9634B69016900B48B107516E56588DDBD0D25A1269F0D8C0B06C7949B907DEB9B5B5BEE6C4857210A8F5CD62095431260716B963677EE0DEDC4EE7455B1381AD7CD4B5F4FF004235BB9CA5C3E336CD1B74371A5BF6341A772E4C9D4A6ED2BA648A5D99CDF430DCDD8CB9BDF4BEFBF829A9D2AD2EB6466ECDD85B1B6CC6D9BBE8789DC9E654D3C22B6672B8B36CE91CC1DA0DF92A9528386B7B869A24323BACD2A39F73472B1E7BD216FF00199FF4C0E8E3F55EB783E941AECCA55FEA26619C175884F4948809ED406C802008020080C14045AA3A1F050625B5464D7666D1FA91E6ABE2F5AC7347E269B8FA2F1D86C472A7AEC74E9BB33CCD3CC0173341ADDBC2CE1C0AE856F15A48B7283B5CEE64FEE4FF0050B1F355AE6962D70A9EF18237B9594AC88E6B525B2A4817B826FBF2EE5A46B492BA77347044DA7C40956E962E6DEA432A48ED59524B08035E7DCA7AD5DCE196C6B4E9A52B9566016B92A9387565A52238889D8DC2AEE377A324BF738C9704772D1CBA19B2B17B04B76DFBBCD690F0B7E85492B3B1498F36E21777B9BFE57A0E0B2F049156BAD4ED861D9770AE7A4A440583101B2008020080203050112AB63E0A1C47FF00297D9FF06D1DD1E4EAE570272DF52765E16293DCE944F198B503CB8BAE5AEE63FCF35D8A15A2A36E85B8CEDB10D9593B3470120E63475FC14AE95296AB4366D32DB04C5A561B3A198B09DDAD2EB77E814738416D25EE4538A91E97B4359EF00EC87537696969E46EA93CB19785DCD545CB47B9614954D77873BDC7453D2AB1EAAC4338491D6BA5023BB48241F252569A54EF177314978F521C2F738721CCF1E6AA4652947B13B4933A99196B6AE1C7C7B966F4B6DCC78B7330D8F0D3CD4B4A319743126C9023B02071F25BCF099E2F2EE43396A55639FCB8C7290FFE2AE7078CA9CE5096E8AD5F54999C30ECBBE563D351940583101BA008020080203050106B8D9AEF03FD943886951937D9FF0006D1FA91E6A1D49F15E05EC745129D4AC3BB41F151AA925B337BB37640D6ECD68F0002C3949EECC5CE975A838CC1A7476AA7A54E4F54EC6D14DEC4238743C03DBE0480ADB8CEDF55FEE89734C97060B09B12E73ADAD8B891F35770F87BACD3927E88AF3AD3DAC66B621C074D943898C7737A6D95C623DE06EA9BD51312A85C6FAFEC2B3859CA32B91D44AC76AD8DEE160E11B6DC3DE27E7A29AAE35EC9588636453E26DC91C6DB93EF9D4EA7656F824B3549B7D8AF89E848C30ECBD2150F4D4650162C40744010040100406AE405662EFB30F45CDE2D53261A5EBA12D1579949471DD78D6AFA1789A428A4ACCC985A993595F941256D15766631BBB107313AF7F55715D96AC9684C8DADF057A1185B7209391D1AD17D0A95455F4356DDB5379A4631B77E839FDD58792DE221B4AFA111D5D13B67B7C0151CB94D1BA5347369D45817786DF355A52A54B56CDEED938EA3E4A84AA676D9115589C778DFDD6779ABDC2279312977D08AB2BC0E1861D97B0291E9E88A02CD880E8802008020080D5C80A8C685DB6FD4B91C6BFE3FE51350FA8AC8AA5AC1A87DFB9A4AF32A162E58D1F8937E190FFDA54128393BDD1B235F687E87FF00495AF2BD4C99A99096EA0FCB552518C337899984ACEE428AA00DDC01D883A5BAAE953A11CB7CC4D29BEC49662318D2ED3D15B8AA51442F3B367634D6EC03BE56F35896269C3E95734C927B95D5DE933F66B184722090569F1139EE92368D3B1B617883DED2EF531B75B7BBEEF4D17331308E6DC49B5A166CAC3C58E1E1AAA8E9AE8CC5CEECA80798F108AE810F18D2279E600F30BABC335C543FBD086AFD0C81861D97B2289EA684A02D23407540100401004068E4055E24F1A036E7AAE171DAAD538D38EEDDFD8B1875ADCF34F824049135F5BEA76DEEDB01B6BCD79EDF7897B3C4D256CA4B6CF3941199B7E00EC1D6BEDA2CA82B3BA319D1BC2D786905EEBFBBA8249D2F7DC68B0E9DDDD219D1DF0C7C8D0E12BB3EA32100DF2DB5BE9CD6B528DECE284A71E84995CC76EDCDE2DFB2D1519AD99AE722BE08CFFC3E970A551A9DCCF319C24A261D9AF1D7E8B75CCEE8CF358868E31BB1CEF1B949735ECC735960D9C01600B472B155DD091AE633DA47EC158E448663715039858E4C866471C4035F13C5C7E1277E23556F00E74B11095BAFF3A1A54B38B2AB0CE0BDD1CF3D4D0A02D6240760802008020080D1C80A6C4A17175C5ED6FDF15C5E2382AD5EAA9436489E9548C56A56CAECBBE6FDFCD50F94E27D3DC939D1223F1160F8FF007F359F94E23D3DC73A2717632C1FEEBCF4595C1EBBEA873E26871C6FE5BFAB7E8B6F92D6EEBF6639F11EDB6FE5BBAB7E89F25ABE65FB1CF463DB6DFCB7756FD167E4B57CCBF639EBB19F6D37F2DDD5BF44F92D5F32FD8E7AEC3DB6DFCB7756FD163E4B57CCBF639E8C8C6DBF03FA8FA2C7C9AB775FB1CF89B7B699F0BC7458F93E23D3DCCF3A2646311F293A7DD63E5388F4F71CE89B1C498E040CFA8236FBADA9F0BC44669BE8D750EB45A34C3E3D97A62A1E9689A80B58901D42008020080203572022543501535705D015335120231A040061E80CFB3D019F67A01ECF403D9E80C1C3D018F67A01ECF40768A8501654B4B6405C5346809CC080E8802008020080C140727B5011A486E808EEA5406BD8D00EC6807644067B2201D9100EC880C764403B2201D910196D2203BC74F640498D880EE020328020080200802030420352D406A588064403220191019C88064403220191018C88064403220360C406C02032802008020080200802008020080200802008020080200802008020080200802008020080200802008020080200802008020080200802008020080203FFD9'),('CP0003','Arroz costeño 500ml ','3.00','D:\\productos\\arrozcosteño.jpg',X'FFD8FFE000104A46494600010100000100010000FFDB00840009060714131214141214151615171415171817151515181718181716181717161718181C2820181A251B141721312125292B2E2E2E171F3338332C37282D2E2B010A0A0A0E0D0E1A10101B2C241F252C2C2C2C2C2C2C2C2C2C2C2C2C2C2C2C2C2C2C2C2C2C2C2C2C2C2C2C2C2C2C2C2C2C2C2C2C2C2C2C2C2C2C2C2C2C2C2C2C2CFFC000110800E100E103011100021101031101FFC4001C0001000105010100000000000000000000000301020405060708FFC4004D10000104000304070406030C0905000000010002031104122105314151060713617181912232A1B1234252C1D1F01472920824335462828393C2D2E1F115344344536473A2B2161763A3B3FFC4001B01010101010101010100000000000000000001020304050607FFC400391100020102040305060405050100000000000102031104122131134151051461719115223281A1D12342B1F0335292C1E106536282F143FFDA000C03010002110311003F00F7140100401004010040100401004010040100401004010040100401004010040100401004010040101473A8594063FE9CCE67D0FE0807E9CCFB5F02A5C15FD319F6BE69703F4D8FED054170C5B3EDB7D4202A310CFB4DF5080A89DBF69BEA101512B798F5080AE71CC2019C7340573201990142F1CC202C38867DA6FA8405A718CFB43CB5F925C161DA0CE64F80280B0ED16F06B8F929706B768F4B30D07F0D2C51F749346D77ECDDFC16D424F640E6F1DD6E6059B9EE79FE446F3F1341745426C1A4C775D508FE0E19DFDFF4718BE5AE63E6B4B0D2E62E7A1742B6C3B17838710F66432349CB98BA866201CC40BB001DCB8CE395D81BC59010040100401004061ED8C376B04B182417C6F682090412D20511B8DA2DC1F2CC5D20C6C7A0C54E0B4907E95E68EE76F3CC2F7E48EF625C97FF0056E3BF8DCFFD6157870E82E467A4D8CBBFD2A7BE7DABFE5749923D05CC9674D36801946326A3CCB49F225B614E143A0B8674D3680DD8C9BCCB0FCDAAF0E3D09726674F3688DD8B7FF3990BBE6C59E143A0B9911758FB447FB68DDFAD043FD96851D18742DC98759FB43ED41FD437EE2A70202E5C3AD0DA1CF0E7FA0FC1C9C088B953D68E3FFE5C7F427EF7ABDDE02E1BD68E3EC1260201D4762058E561D63C93810172497AD5C69F759866FF0046F77CDE9DDE02E60CFD636D177FB76B7F520847FE4D25695182E44B98AEE9D6D13FEF72793621F262BC2874172293A69B40EFC64FE4E68F9355E1C7A0BB223D2CC6FF001B9FFAC29C38F41731A7DBB897FBF889CF8CB27DC569422B9035C7793C4EF3C7D56C154051C6813C82A0FAC3A1D81EC303858B8B208C1F1CA09F9AF9537793346E56404010040100401014280F96FA7DB30E1F68E2E3E066748DFD597E905786623F9ABDF45DE2439E5B2054050054028020080200805A005505100B4B00A828A82880140550191B3706679A287FE2CB1C7A727BC349F42B351FBAC1F5F31B540782F9668B9004010040100401014280F0DEBF766166270F880349637464FF002A336079B5E7F64AF4D0935A03CB5D5BC2F5BD7532514014010040150510040550144015015B028A828A016802A097B3A1677AB6B22D888A10EB3AA9C09976A61470639D29F0634FDE5AB8D795A016E7D3ABE71A08020080200802008020382EBAF6676DB31EF1EF40F6CA0F21795FFF006B8AE949DA40F9E2B43E217D0B7BA42D2A1028020296A8080202D2F0388F5425CA76A398F50A81DAB798F50A82E079214A1280A202880AB4202589B6555A95091D65182CA4BDC1E8DD42B2F6948796125AFEB610BCF89F8023E825E12840100401004010040101A5E9A61BB4D9F8C6717616703C7B3757C558EE0F9521758F100AFA91B3D190A396590A20080156C0A258142DBD39E9EA69666F2C5B2A57763DBF686CBECDED1161A3ECE8DB991405D9B35007B52006D6B62CEFDDC7F9E50C53A90939CDE6BBB2D6DF447D39C2CD59685E1B27D3018563887BFB2FF570C2DB0199A9D980E26C5E846FA596A19A2F88D2B2BE8EFE3C8D2BD9E840E3880C85AE8181C642D94361639A5B9A9B20A76563729B209E7474A3D2D86739DAA3B5B4D7FC7525E5A686B368ECC825AEDB07134B8C94F0F301CAD94B58D0EAA321680EA7651ED697AD7AE8E26AD24DD2ACDA5C9EBCBF439CA2A5F144C0C3743F0026CA4625E3B574603E48C373B49B05AC025C9A7BC4556B75AAED57B5F1CE95EF14ED7D2FB79ED732A8D3CD6D4E33A63846438DC4471B4358D7372B46E00C6C769EABF43D935E75B070A93776EFFA9E5AD1519B48D380BE8A39120405EC6E869692D0A8A6551A162D715110F4DFDCFACFDFD88772C281EB2B7FBABCF89D9151EF4BC650802008020080200802031B68C59E291BF6A37B7D5A422DC1F1FC429A3C02FA48C933B5F15BDC11A80A202AA828840D751B1BC10477106C1F1B51A5256292E2768C9212649A479275CF2BCFCCAE31C25182F76097C91ACF27CC8E395DBDAE778B5CE1F105494686D251FA0F7BC4CFC36D7C5B3DC9F12DF092523D0D85E69E1B033DE30FA1B53A8B9B3363E976D06FFBC4C7F598D77FE4CB5E77D9BD9EF925E4CD716A94C574CF1AEDF316122896471B1C4722F0DCD5E056A9F666063A2D5746EEBD03AD519A09B125EE2E7BCBDCEDEE7B8B9C7BC926CE8297D3A708422A30565E0716DB7765415D485C1641910AE91294902491481E755821EB3FB9E23FA6C6BB94700F57487FB2179712F4411EDEBC85080200802008020080202C91B608EE29CC1F20E2E3C92C8DFB3248DFD9791F72FA507A23255AD045AEC927A94BB0581967716C11BE437F51B60789DC3CCAF257C552A3AD492455094B6474B81EAE716F23398A21FCA717BBF6582BE2BE6CBB6A93D2946527E1B1D7BBC97C4EC6F70DD57B34CF34AFEE8DAC683EA4901717DA18D9FC308AF3B9AE1D35BB37586EADB04D16585FAFD79A5D7BA9A40BEE5973C7CB7A897925F61F84B646C22E8560DBEEE161B1756CCC4D6EBCC4D2C3C3D797C555B19E2B689B28B6044D3ECC7181DD1463CEC37C163D9F06FDE6DFCD978AF9192367B45E9B802000D1B86BB8712B5ECFA2B93F57F71C59170C10006F3BB8EBBB96EB57B850E9F564E34BA97FE86D278A7B3E874FAB1C6991BB67B6EC8D2CF01E5BC68B3ECEA1D1FABFB978D2227EC58CEF630927798D87BFECF253D9B4B936BE6FEE38CF99873F43F08FF7F0F093CFB268A1E22B5563839C3E0A92438A9EF146B27EAC704E1622C84FD89651E80B885D577E8FC356FE697D88E549EF135989EA8F4B86670EE706BC7F64AED0C7E369E93829795EE4CB4DECEC72DB5FABFC743672364E5D9B8871FE6BC0F812BD31EDAA1B544E2FC5684E0BE5A9C74D0B98E2C7B5CD70DED702D70F23AAFA10AB0A8B341DD1C5A6B73D8FF73CB34C69FE542DF40E3FDA5E6C4EE823D91798A1004010040100401004050A8C1E2BB57AA70F9A57B67906796475658C8F69C5D5C39AE0F198C8BB2826BF7E27550A6D6ACCFD81D564111B9C998F0CF9728E5EC3743E249F059955C6D7566F22F0DFD4BF871DB53B58F65C6C686B5A0346E68D077505886028C1E6B5DF5647564F42A580701C2F878AF4D94518BDCC39316D6EA48D35D379B14343AF12571788A6B99BCB22D663231C5A0EEDF7BAC5D72AF0DEA779A7E3E8C649160DA0CA0039BA6E234F86FE2A779A6BAFA31C3917C98F66BED36F7EF1CFB8EEEE4EF54FC7D18C9228DDA51FDB6F866078F1F40A77BA7E3E8CBC39168DAB1F173786F736BBF5BEEF8A9DF6978FA3FB0E148B5BB5611AF68CF76BDF6EFF00553BED2F1FE97F61C39163B6CC20126467316F8C11CB8D7AF24EFB4BC7D1FD870E4074830FFF001A31FD2334FF00B95EF94FC7D1FD870D91CBD27C3022F11101FF00563FEF7705562E3D1FA31C3622E98E086FC4C3CBF85671F35AEF2BA3F4638674783C4B2468731CD734EE2D20836BB52AD0A8BDD39CA2D6E5EE65EFDC1749454B4644DAD8D36D9E8DC18901B346D78074CC01AF03BC792F14B04A2F3526E0FC0ECAAB6AD25733FA1FB121C2B6410C6D60739B795B57438F32BB51A5387C7372F339CE49BD158E917A0C0401004010040100401004069B11FC23964A518B4413151838DEB276BBF0B837BE2B0F739AC69BF77393ED01C0800F9AE2E9F16A460F6DDF9743A45D93678B6CFD918AC512E8A3965A3ED3C9D2F917BCEFDDA5F25EDAF89C1E15659B4BC0C461527B18FB4766CD0383678DF1B88B19C7BC389691A3ABB8AEB42BE1EB4735369A24E338BB333A0E88635EC0F1867D1162F2B5C7F9AE21DF05E5976AE0A32C8E68DAA155ABD8C1C16C89A690C51C2F7483DE6E4A2DFD7CD593CE97AAAE2B0F4A9F127256E5E3E462309C9D919D8FE87E2E16E77E1C86F12D2C765BD0176536D1DEBCD4BB5B0755E58CB5F1372A1512B9D5C5D5DB460DD71E6C639BA34B9A1AD767AA6D7B27D9E249DEBE14FF00D42FBEA8DED4D3E9A9EA585FC3BF3390D97D14C4621CF1143791CE639CECAD6073490E6E63BC8AE16BF4189ED6C361D27396FC96FE879214673D90C7F45B110C91C72421AE95E191BB431B9CE3559F70DFADD1568F6AE1AB5395484BE1577D6DE42546717668EBB67744DED63637ECDC338B435C657E25E333C1D73646EAD3F62B7712BE056ED8A52971235E4974CBFE4F5470F2B5B2A391C4EC0C40C57E8FD90ED9C4B83631ECE5759CCCE0231AEBC297DFA5DA387787E3297BABAEFF00FA79254A59F2DB536B8BEAFB191C65F51BC816591B897EEB39410331EEDEBC54BFD4385A95142ED5F66CE92C24D2B9D9F541DAC334B877491BD8608E60D63F3061909B6F269D0123F159AD5233AB1AB04D5F477E7E212791A67A9B8EE5E93914728532F658D1DE3AA10CE5404010040100401004010040729B436CC631AEC3135276624008DED3A583B8EBBF92E529DA566B4EA6D2BA364C2BAA301E7805183CEBAE06FEF0BDE7B784FC483F12A52D2BC4DFE566AF00249363B0601D9650D634E52038383C195B67DD791ADF10BF3588C94FB55CB16AF1D7D0F6C6EE8DA9EE59B4CCB10C09DA12E1DC04F09CA2121E1E06AF2FCD440246639402BAE1F833E37748C968F5BE9FBE86679938F11A36FB430B8C38F81F1BFF007B061ED1B986A4E6BD37B89B651E14BE651A9868E0AA42A47F1391DE4A6EA271D8C56621FF00E929C61842FA8211335D2163C3DAE7FB4DA6BAE816837DCBD3C28FB3E1DE332F79E5B2BE9A1CF37E2BC9627C5E01AFC34E6A6C1E92971ED6DBEE925E467734B1DE47B972C3579C31308AB4D3B6CBFC2D4DCE29C1BD8C3D90C9B13B19822738CCE85CD0ECC7367123B4CFBC3B45D711C3A1DAD9AA47DDBA7B78198373A1A3D49B640ED36788D8C13491FD1CB1095D1BBB463FE9017B4DD93ED6FA72CE2D3863DD49BCB17AA764D5BC9E85A6EF4B2ADC876C621F1B30714D1C31E7C4E1446CEDE5926196661FACCF6A8685D98EFDE575C2D184E55AA53727EECAEEC92D9F4FB19A9269453EA893A458891BB4F673039C1AFED73341203B958E2B9767508CBB3B112947556B1AAB37C58A431B8F8E1DACD6CA437B4C131AC73B41984D23B293C2C0E3C694A386AB5BB29E4E536DAF92139C63595FA136CED9EEC1CF8CC562710DEC65707B6DCEF6407176B7A58043406DDD295AAAC652A387A34DA94747A791631E1B94A4F4669FA9B95AFDA18C7014D730BC0DDA3A5711E7A85FABC4C1C23462F7565F43E7C5DF3347B12EA7328F2A329774766CCD9793667347906DFC4ACC1DD5CB2370B66420080200802008020080203CC7AC38C3769E025AFAE5962EC82C7B8B481A9F77E25792A5F3B5E17FA9DA1B1D944E35AAF4C5E8726565374A84701D6FEBB3DDC7E921F4ED06BEB4B34FF8D066FF002B3C67038E9617174323E327796388BF1E07CD7D2AD86A55D5AA453F338C6728FC2C9A0867C5CC1A0BA595F7ABDDAD0D492E71A6B46FE4B12747094AF6518A2ACD37D59B9C0ECDC7E48D904F71C825ECC4789A616C5EF91BB2B41D382F9B56BE03339D48FBCAD7D3AEC7651AB649330766F47710F20C0E8F30790C7B2523339ACCEE2C900AA02C1758176355E9AF8FC3C528D4DB4FAE88C4694DEA8C99765E3678D8649B38742FC43239272498E3F79D97DD07959D7815C6189C1519DA9C6DAA8B76E6CD38D492D5918D898B8A273C3CC7EC095D1B65731E5A740E2D0434B88AF66F351DDC16DE370956A28B57D6D7B730A1522AE8BD9D18C5B087C6E19DD236239247B5F9E4198024817C4BB977ACCBB430B3BC66B44AFF0021C39AD6E64C3D173206B9D399267E31B86696BDD472D99497C8DCD6DA34469A6E2B87B4E316E30825151BBF4D36EA5E15D5DBD6E63BFA365D10919292F9312F8228DD98B9C5AE20DC9400DC0DD01479E8BB47B4546791C34CB99B5E3E1F323A5757B98DB57A38E822749DA31ED6CC60780D7B7E900B21B9C7D237858AF05E8C2F6846B4D5351B5D5FA999D3695DB34B947A6EEEF0E4BE8592391E8DD48B2F1788E5D834DF2F6CD0F9FA2F97DA2AF3A7E675A4FDD67B482B242D71A5014E8A93926BAFF5996AB90A1F7290F84B2DCDEAD9908020080200802008020080F34EB63D89F01200730C535B637905920CA3BF8F92F35696AD787F73AD35FA9D6C26DA3F15DD6C737B973DFA6E0AB069F6FECB6E2207C526AD734B4F3B2778EF1C0F72E3522DD9C774EE8DA6B99E418CEACF16C710D742F03EB662D35DEDA35BB995E95DA497C7077F057FA93837D997EC9E8563E095B234444806BE9A46FBC08D1CD00EEBE2B96231B46BD3707197F49A8537177BA33F19D1FDA9216E430C61913E368648EF7243EDE6739A49CC46FD3B97968BC2C2F78C9B6D3DBA686A59DF3463E17A21B598C6B192B5AC6666B4093DD0FF007803D9D869E574BD13AB859B72953777E065292564CA7FE88DA941BDAB2843D8576A6BB1A20C5EE7BBA2D2AD87DF86F7BEDCFA932CBA9749D07DA8E6863A76E56E522E57E993DDB765CC72E9564D50ADC91AD422DB54FE85B49F3259BA11B51E6DF8A07DB0FBEDA4F7C0A0F14DF7B85A46A505A2A5E1B72169752AEE81ED3710E762F56B8BC1ED65B6B88A739B43D9711A1AE6AAAB496D497EFE4469FF003119EADF1C23C8714D11E6CD903A6CB9B7E7CB741D7ADABDE237CDC257DBF7A132F2CC567EADB1925197161F5759FB5791DC333B8F72431593E0A29793B7F60E09EF22E8BAA598FBD89601DD093F378DD4B6F1D5BFDA5FD5FE070A3FCC7A4742BA2B160232D65B9EE36E91C05BBD3701CBE7BD79D29CE7C4A9BF25D03692CA8E8C1002ED632472FE7B96582CE873F34321FF0099C45F94847DCB14B62CB737EBA9908020080200802008020080F3AEB8A3FA2C2BEEB262E13ADD6B99B7A6A3DEE1CD70AD6B3474A674D8770A1E03C1758EC6192B8F2EFA54188E1A9078EB43F36560D10B997AE9A6FB06AF9D78A00E6EFAF1DFCB781CB8A92765707098CE9B3DBDA3DB862636492461CE9002F73086BBD9A35ED501AF10BCEB8929259B5FD0EB68A5B18C3A7B89D4FE82FBCE1B94C8D0ECD95CEACB96F46B1C7B805B717FEEAFDFC8CE9FCA624FD664CC0D73B09943F5638C9A10289A21BFCA07F9C175861A751B51ABAADF4FF066524B789967A6F8B31B646E15843831CD6894E621FEED0C947419AAF41A95E7B3CEE32AAD5B9D958E8AD6BD8C7774FB1C2FF79014434DC87792C028559D658F51A7B6175E1276FC7DFC119BFF00C4BE4E9AE38007F4588E80FF000CE34097EAE756503E89C77F2E74B0A09BB719FF004A2FFD44BD31DA39CB461A12450F66471D0B836F520E50F7652EDD7EAA251CB7759AFF00AA1AFF0029D6742F6BBB1586CEF6B0383DEC2187333D8356D771154B50CD19BA7277E772492B5D1D3467FCBF15E8399385485D5E680B644049D19AEC4D7FC59AFC7B5759F5512D04B736EB4408020080200802008020080E0FADCC19930829D418F1216E9EDE421F945F734AF1E26AAA6E2EDBBB1DA92BDCDCE00831B780CA2BD17A60EE8E72DC9B3F03DFF2F154845237D34D376BF9F9216E4521AAEFE249FCDAC94B49B07D11ABAB31B1C56D3E81894BBE98866773C34C71BB2973F3BC34B85905D668F82E308D4836D5B5F33A664C866E80BDFDA66C64A73939CF670E67668C44EB3562D9A246328ED18ED6E646D7890E3BAB86CF97B4C54AE0DCD969B101ED566AA6F268F40BA52A9569B6E0A377BE8FEE4795EF7256F4032DB8E2F103565E90D7B11989BF5370638B7CCAC353B6D0F47E7D7A96EBC49A3EAFC020FE978915C4187EDF6943E8BED905129E9A47D1FDC36BAB246F405BFC6F154016D03001541B597B2AAA68F4532CB6CB1EBCF7F5175E25D1F4023D2F138B345C7F856036E2E26EA3D7DF769BADC55CB2BB768FD7EE1C9789D0747762478489B0C3618D2E3A9B2493A927D16A30799CA4EED99935B236E0F3F15D4C9283F2F354126609721690809FA3CDA87FA498FF00F6B948EC1EE6D168810040100401004010040101C675AA00C0B9E45E5736AC802C9A6937C2EBD570AB7BC6DD4E94CCFD9CDCB1B0026A86FDFB96E1B127B992F65FF92D33263B9E47E3E5BFB942969A2056EAE7BFCFCD0A42F1ADF1DDE35B8FC5460B41DFCF7EBC3BBBF720291DE9BB81CDEB600DFCB5EF40541A1A6BAE9A59D4EF1C6B5F8202D935F0FC0EB7EAA1413A6BA582492378ADDE345085EC235EF1C2CEA47F92A85892C6EB3BFEE4D808CEF3F0AD7C82A0959DDE3F804212B7EEE3B82A0BDA7F3F9DCA9010A0327601FA11FAF2FF00FABD1066C968810040100401004010040101C9F59D866C9B3E66385835C685EF049E02F8AE35A5912674A6AEC9F661FA3669F5471EEE0792B4BE0449EE66E6EEE6BADCC1893B6C9D46B777CB4E5C2F55868D223ED00AF5155C37815A214A102FD4776ED2B9A80B6F96A68F971FC3D5016DDEBCEF95D70400B77F7FDDB85F9202D900F5D3E1ADF970519411AF8687FC471DE80AB35D41E00788AAAF92A425DDBCF7F7F778A0243F2F92A402AFE4809231DFA7E7F05417C725E80FA7042173C696091E080BFA2B064C331A5D98874A49EF333C91AF2248F248AB20F7370B4408020080200802008020080E5BACB2E1B3714586888EECD6E04661AF75AE73517652351BA7A11F4725CD868883A16377F86EF052969148B53E23652DD50FCFF8ADB3263B5E7B883A7F92852A00AD381F0E2961720986EB07424F3D7BFBBF151948E49C01CB43C0F0DE385EE1A2360AEFFF000DDE5F9E280A020D8D3C8FCD015771FCE95C3D50A519AEEF91E1DC78FE2842ECD5E75F77DC80BF36A7BBD50150787E29705CD3DD7E8AEA424602EEE1F9D5019019429691056BF728093A347F7BB35BF6A5D47FD57DAA83DCDAAA408020080200802008020080D074ED97B3F14289B85E29A093A8E006A5624935A9A8EE6A7A258530E16163AEC31B60EB9741A785AE745FBB7EA6AA6E6E9FBB4FCFE697666082503971F1AEF2B05213ECD919BC8695CC733AA6C5B17096F4771D398D12E362D923B37E1F2DF5DDAA342E63E43CACE9DC40DE3CEC11C39A852D96622BD927526BB855F9EB607E0A37605CF750F6B772D75F4DFA71F15403ED58A75DF01BB8826B75A10BF5BA1AEB47F2386A852F8E3D2C5D81C779E55E4AD897240C147C4EBF24215BAE77AFE7C3F154121DD79AF5F1F2F50809E8F1A2B562077C1019BB270CD8E26B5829A331A1DEE2E3F12512B0666AA4080200802008020080200808318DF61DE0A340D3C7E0A22B273DFB969831C9E7A9E5C7C164A6393A6F1EF701BCD8FF00259296B80A355C6B5FCEFD52E8117E900559DFA73D752776834FC8587522B765516F64592CE28D1BDC00EFBE2402741C972962A8ADE48D2A72E851D36A281BA3AD1A17B8F79D02E6F1D875F9917853E80CA2C7B245D12729DE34D2D65F6861D3F88BC19F4213B49A00B196C5EF6FB24F03AA7B46872638332BFE958C1F7870AF69878EA3DEF03DCABC7D25D7D070A45DFE94691A11FB4D3BFCEB8ACFB468F52F0645EDC6076A3537C28F78DDDE9ED2A1D47027D093F4AEE3BB88205EFF0035B58FC3BFCC8CBA33E84F1CA08B2E04F2BD02ED1C4D27B49197092E46447283BB51DC345D94D3D998B34485DF9E2B4886D7067D86AD5C84E80200802008020080200802030F6A4C19148E26835A4926A80037EAB9CE596372A577634584DA4C7007334F86BDFBC2F3431D45ABB76F933ABA3346AB6D74CF0505E799B7A8CADB73B772682479AB1C44AA7F060E5F4FD470EDF13393C7F5A78703E8D933C0143D90DF52E37F057BB63E7A7BB1F3D7F42DE92EACE771BD6B4EEBECA08DBDEF73DC7D1A5A3E6BAC7B26A4BF8955FCB4FD43AD1E513513F5878D3B9D1B07F22203D3312BA2EC4C3FE6727E6C9DE27E0604BD32C71FF79907EAE41F26AE91EC7C12FF00E6BEA475EA3E6624BD23C53BDEC4CFFD6BC7C885D97676163B41197567D4A6D08B151B1924CE9435E016974C4920B7383943CB85B483A8528BC2D4938412BADF424B32DCC79F674A24732469CCD1643DE287B1DA0F689CA4969BABB5B8D6C3E5CD1B589695EC5B88D93331CE6984DB034BB2B738687373025CDB1B883FE4B51C4D16934D6A1C5A219B012358D7BA27063BDD716D34F1D0F859EF5B8D6A72938A6AE4CB631E8721E8BA5910A8034AAF24CA9F2067418E99BEECD2B7F56478F915CA586A4F78A359A4B99B58FA538B68196778FE7BCFC1E4AE13ECEC2CB7A68E8AB4D733330DD39C73374F9B5FAEC61FB815E77D8F85FCB1B79178F3EA6E709D69E29A0892389FA685A5F1D1EFD5D63C29739765497F0EAC979DBE9A05553DD23D77AACDB0FC5601B2C959BB599A728A00090D000EBB885B541505913BF99CE52CCEE760B464200802008020080200802034FD2C1FBCB13FF424FAB9BEA9E1C516FA03E52C3CC750C2F6077D56C8E1A1DCD26C5D77AF73A3097C514DF91733E4C9DD8470BAD471ADFDF6174F02656613AC782D10202C215051002DB46AE81BBDB9B599342C600E7496D39E4644D31B5B186764D7460195A4806DC05646E849257CDC3E1A54AB39BD179EFE3E0749494958D9E23A5AC7653D8BC650E6E8400E0FC3085EE935D5E1ED14EFB3A68BC94BB3A54F4CD7BFDEFA781A7513E45B174B68E6104B6D904ADCB2534B861D9039B280C399951E6E7A91C6D25D9EAFACD6D6FADC67F0357B576DF6B03617434F6888677119808DA5A1AD018D70690773DCEA1A0A5EAC360B875388A575AF96A6653BAB3468697D23997B42A902A4A02B680BDAA305C6D429F40F50D3E6D9EF6FD9C43FE2D69F8EFF0035E2AFF103D2971010040100401004010040101ABE935FE8989CA2CF612D0BABF60AB1DC1F25B2135635000163C17D2162533388ABB1482E46EDCA9083295A0541500A40502A0C9C1639F112595A9693601F74D81DC0DEAB856A11AB6BF2351938EC5EEDACFC8594DA20827526B5E24F23F1BDEB92C245494AE5751DAC565DB731766B01DED6A1A06AE003891B8EE1BC247054D5CAEA3661E2710E91C5CE364D721A01407A05DE9D38D38E58986EEC89742040290170080961613BB86F3B801CC9E0A3289DED1596CE9A9E07F578D779DEA03DC3F73EB888314C76FED58EF22CA03FED5E4C46E81EB6BCE0200802008020080200802039CEB0319D96CEC5BBFF0085ED16685B86516796AB50579240F97B0B8820FC3FC17D10982FE245F7F14211C9DCB408C14055014405A8528A82D72972142A5CA5A12E43263C14A40708A42D2D2ECD91D5946F75D550E6B9778A57B6657F32D9902EC42A0A032212C144FB5DDA851DCA8BE4C435C40CB6D06C33EADF33F68A856C8D8D06DCE3DFFE039210F55EA0B6AB239F11049200E95B1BA20E3EF16176700F17539A6B95F22BCD885B321EEABCA508020080200802008020284A03C03AD9E98BB173C983885450BE8BADD7239A066192A80B3A6F272722BBD1A3EF29B7F22A7C8F3A7D502D26EB53DFF785EC44227CA7F3B95206B9508A150A74DD0DE8C37162692591CC8E103308C0748E25AE750BBA14DE4493A05F1BB5BB4E584708415DCB9BD91DE8D2CF76F644D27462099B149839A5CB248D616CF0B865CCEC99848D01A68FD5BD6C6BC171A7DA95A9B946BA4DA57D1ABFA074A2ED94DABBA0985331C2B66C409C45DA67744D3111755435F8F9DAF12EDEC470F8EE2B2DED6BEA757878DF2DF531364F4370E58F33CE4CAD95F198DAF642D19242C243E40739D0915CE976C576D57528F0E368B49DED7DD198D08B4EEF5371D18E8CC187C6B98F8E57B8C4648BB78E22C0D6B9A1C416920C80D5115A3B500AF9FDA5DA55EBE154E9CACAF6767A9D29528A9D998187E87E1F1389C5C81F2B62864735ED2630E74B6E7BCB5FEEB22AAABD77EE5E9976C57C3D0A71B27295ACD725FDD985423293E888A4E86610BF0A58F9436595AC31B8B5E1ED24E631CCC14EA009D2C5725D21DAD8A51A8A51D93D6D6F544746175A9D2E1767412E2A7C0B9B897B591C4E717E2A5730878680D118203681DFDDB868BE3CB13888D0862565BC9F28ABFA9D942199C3FB9CFEC1E8EC0DC1C93C50371D3F6AE608DCEB0C024CA016B7886D38DFDAE4BE9E2F1D5E5888D29C9C236DFA9CA108E4BEECD5F58DB3B0D0BA0EC1AC8E573499A18DD99AC34D22EBDD365C3BC0B5EEEC3AF89A99D55BB8AF85BE662BC60AD97738E2BF4279CA0E76A032F074F3949A681ABB4A6F7B89DC3E3E2B2DA411B7D81B124C417185B21AA11C83E8D8D766F7FB43BB28B3A7B4491BB55CAA54496A12BB3E97E8B4EF3031B3482495AD01CF0DCB9FF955C1786E9EA8AD58DCAA408020080200802008083171B9CD21A40BE7F2BE0A3079F74B3A06DC51CEE89C251A09627373103707D9A7570B1639AD42A4E1B1BD19E71B43AA8DA0D24C71895BE21AEF369357E057AE3888BDCC1ADFFDB6DA7FC51FFB51FC3DA5BE3C0178EACF69FF001577ED47FDE4E3401237AB0DA9FC5BD648FF00BC9C780363B2BABCDB3038BE06764E228913462C7220D83BF8AF3622187C42B5557351938EC6663FA0DB7710D0C9DCD7301B0DEDA3636C6E7546D166F72E5470D83A2DCA11D5FCFF0052CAA49EECD861BA13B73216BE7E41A3F491A0E36EECCBB95515C2784C2E6CD182FDF86C695597365982EAD76BC4CCB162628C9738B876F239841A20D184FB579ACD6B61759D2A151FBF1D2DE5FA19536B664B3F555B4A4731EFC5C7DAB45769DB4E4F786811B728F03E2A429D1845C145657CAC5737BDCCCC4F55DB42493B43B41AD3A004090BA85900D6506B31D4D9D4A90A3878C72E50EA3DEE432F5353BE4124B8E697823DA11CD9C81F573197D91BF701BD758E48C5C52D1F82FDB3398C83D4BDEBFA6BDAE3BDCC6C9647069CD21B0148E55A349AE9642E590F518C69FF005D980AFAAC6B4F99BDCBA4EA467F1453F919D4919D4561AF5C54E79D08C6BCF72AABB8AB240C88FA8EC18DF3E20F9B07C9A9DE260CA8BA95D9C379C43BFA5AF90538F31636BB2BAAED9D8736C89E4F37CAF3F0BA5873935660DF43D1AC2B4508879B9E7E04AC58B736186C1B23F718D6F80A4213AA0200802008020080200802008020080200802029480AD2014802014802008020080200802008020080200802008020080200802008020080200802008020080200802008020080200802008020080203FFD9');

#
# Structure for table "ruta"
#

DROP TABLE IF EXISTS `ruta`;
CREATE TABLE `ruta` (
  `RUTCOD` varchar(4) NOT NULL,
  `RUTNOM` varchar(20) DEFAULT NULL,
  `pagocho` decimal(8,0) DEFAULT NULL,
  PRIMARY KEY (`RUTCOD`)
) ENGINE=InnoDB DEFAULT CHARSET=utf8;

#
# Data for table "ruta"
#

INSERT INTO `ruta` VALUES ('LMAR','AREQUIPA',35),('LMAY','AYACUCHO',170),('LMCH','CHICLAYO',80),('LMCZ','CUZCO',50),('LMHA','HUANCAVELICA',200),('LMHC','HUANUCO',120),('LMHZ','HUARAZ',70),('LMIC','ICA',50),('LMTA','TACNA',300),('LMTR','TRUJILLO',15);

#
# Structure for table "viaje"
#

DROP TABLE IF EXISTS `viaje`;
CREATE TABLE `viaje` (
  `VIANRO` char(6) NOT NULL,
  `BUSNRO` decimal(2,0) DEFAULT NULL,
  `RUTCOD` varchar(4) DEFAULT NULL,
  `IDCOD` char(4) DEFAULT NULL,
  `VIAHRS` varchar(20) DEFAULT NULL,
  `VIAFCH` date DEFAULT NULL,
  `cosvia` decimal(8,1) DEFAULT NULL,
  PRIMARY KEY (`VIANRO`)
) ENGINE=InnoDB DEFAULT CHARSET=utf8;

#
# Data for table "viaje"
#

INSERT INTO `viaje` VALUES ('100001',1,'LMTA','C001','10:30','2008-06-10',70.0),('100002',2,'LMTA','C002','09:30','2008-06-05',60.0),('100003',3,'LMCZ','C003','11:30','2008-06-08',80.0),('100004',2,'LMCZ','C002','08:00','2008-06-09',90.0),('100005',1,'LMIC','C007','13:30','2008-06-11',60.0),('100006',4,'LMIC','C003','15:00','2008-06-12',50.0),('100007',5,'LMHZ','C002','21:30','2008-06-03',50.0),('100008',1,'LMHZ','C001','12:30','2008-06-04',60.0),('100009',3,'LMCH','C004','18:30','2008-06-05',70.0),('100010',4,'LMTR','C003','19:00','2008-06-06',70.0),('100011',2,'LMCZ','C005','19:40','2008-06-01',80.0),('100012',3,'LMIC','C003','17:00','2008-06-02',70.0),('100013',3,'LMHA','C002','18:40','2008-06-03',90.0),('100014',4,'LMAY','C003','19:00','2008-06-04',30.0),('100015',1,'LMTA','C002','19:00','2008-06-05',40.0),('100016',1,'LMCZ','C001','17:00','2008-06-08',50.0),('100017',4,'LMAR','C002','19:00','2008-06-06',70.0),('100018',2,'LMTR','C005','15:00','2008-06-07',60.0),('100019',3,'LMTR','C004','19:00','2008-06-11',60.0),('100020',4,'LMAY','C005','19:00','2008-06-02',70.0),('100021',3,'LMTR','C007','19:00','2008-02-11',60.0),('100022',4,'LMAY','C007','19:00','2008-02-02',70.0);
